Workbook

Sheet NAVODILA
A2: NAVODILA
A4: Aplikacija za pripravo obrazcev v zvezi z graditvijo objektov je pripomoček za pripravo dokumentacije in zahtevkov v skladu z novim Pravilnikom o podrobnejši vsebini dokumentacije in obrazcih, povezanih z graditvijo objektov. Nova verzija obrazcev glede na prejšnjo uvaja nekaj sprememb, opisanih v nadaljevanju.
A6: Za pravilno delovanje navigacijskih in drugih ukaznih gumbov je potrebno ob odpiranju dokumenta omogočiti uporabo makrov. Uporaba makrov je vezana izključno na delovanje navigacijskih gumbov ter za prenašanje podatkov med datotekami. Vse osnovne funkcionalnosti, torej vnos in izpis podatkov, delujejo tudi brez delovanja makrov. Namesto z uporabo navigacijskih gumbov lahko posamezne liste izbirate v spodnji vrstici aplikacije, za tiskanje in pripravo pdf dokumentov pa uporabite ustrezne ukaze iz menija.
A8: DATOTEKE
A10: Priloge so razdeljene v več datotek. Vsaka izmed datotek je pripravljena za posamezno skupino uporabnikov (projektanti, izvajalci, mnenjedajalci, upravni organ) tako, da vključuje vse faze posameznega postopka. Sklop za projektante je dodatno razdeljen glede na zahtevnost nameravane gradnje. Seznam datotek: - projektanti - obrazci za zahtevne in manj zahtevne objekte - projektanti - obrazci za nezahtevne objekte - projektanti - obrazci za spremembo namembnosti - projektanti - manjša rekonstrukcija - projektanti - legalizacije - projektanti - začasni objekti - izvajalci - DZO - mnenjedajalci - projektni pogoji in mnenja - upravni organ - odločbe V nadaljevanju so opisana navodila za uporabo obrazcev izvajalci - DZO.
A12: ZAŠČITA PODATKOV
A14: Vsi listi v datoteki so odklenjeni. Kljub temu priporočamo, da liste zaklenete tako, da na zavihku Pregled na traku v skupini Spremembe izberete Zaščiti list. Namen te osnovne zaščite je preprečiti nenamerno spreminjanje že izpolnjenih polj. OPOZORILO: Podatke lahko vnašate le v rumeno obarvana okenca, vrstice pa lahko dodajate le tam, kjer je to izrecno navedeno, sicer se podatki morda ne bodo prenesli pravilno!
A16: KAZALO VSEBINE
A18: List za vnos podatkov ima v zgornjem delu kazalo celotne vsebine. Vsebina je razporejena v tabelo, ki je razporejena tako kot je sestavljena vloga v posamezni fazi upravnega postopka. Naslovi delujejo kot povezave na posamezne liste.
A20: VNAŠANJE PODATKOV
A22: Nekatere vsebine vnašamo s pomočjo spustnih menijev, pri nekaterih vsebinah pa je potrebno označiti izbiro. Pod posameznimi naslovi so opombe z dodatnimi navodili za izpolnjevanje, stolpec A na listu vnos podatkov je namenjen internim opombam uporabnika.
A24: PRENAŠANJE PODATKOV MED DATOTEKAMI
... A41: NADALJUJ NA VNOS PODATKOV

Sheet VNOS PODATKOV
C1: VSEBINA DATOTEKE:
C2: DOKAZILO O ZANESLJIVOSTI
C3: obarvana polja delujejo kot povezave na ustrezne liste
C4: PRIDOBIVANJE UPORABNEGA DOVOLJENJA
C6: 5A - VODILNA MAPA DZO
C7: 5B - MAPA IZVAJALCA DZO
A11: PROSTOR ZA OPOMBE | C11: VNOS PODATKOV
B13: A | C13: UDELEŽENCI PRI GRADITVI
B14: A1 | C14: INVESTITOR
B15: A1.1 | C15: INVESTITOR
C16: INVESTITOR 1
C17: ime in priimek ali naziv družbe
C18: naslov ali sedež družbe
C19: INVESTITOR 2
C20: ime in priimek ali naziv družbe
C21: naslov ali sedež družbe
C22: INVESTITOR 3
C23: ime in priimek ali naziv družbe
C24: naslov ali sedež družbe
B25: A2 | C25: PROJEKTANT
B26: A2.1 | C26: PROJEKTANT
C27: PODATKI O DRUŽBI
C28: projektant (naziv družbe)
C29: poslovni naslov družbe
C30: odgovorna oseba projektanta
B31: A2.6 | C31: IZDELOVALEC VODILNE MAPE DOKAZILA O ZANESLJIVOSTI
C32: ime in priimek ali naziv družbe
C33: naslov ali sedež družbe
B34: A3 | C34: NADZORNIK
B35: A3.1 | C35: NADZORNIK
C36: imenovanje nadzornika ni obvezno v primeru gradnje nezahtevnega objekta če jo izvaja izvajalec, ki izpolnjuje pogoje za opravljanje dejavnosti gradbeništva (16. člen GZ-1)
C37: imenovan je nadzornik gradnje
C38: PODATKI O DRUŽBI
C39: naziv družbe
C40: poslovni naslov družbe
C41: davčna številka za pravne subjekte
C42: odgovorna oseba nadzornika
C43: VODJA NADZORA
C44: vodja nadzora
C45: strokovna izobrazba
C46: identifikacijska številka
C47: POOBLAŠČENI STROKOVNJAK, KI SODELUJE PRI NADZORU
... C54: identifikacijska številka
B55: A4 | C55: IZVAJALEC
B56: A4.1 | C56: IZVAJALEC
C57: navedi izvajalce, ki izpolnjujejo predpisane pogoje ali investitorja, v kolikor dela izvaja sam
C58: prevzeta storitev (po pogodbi)
C59: PODATKI O DRUŽBI
C60: naziv družbe
C61: poslovni naslov družbe
C62: davčna številka za pravne subjekte
C63: odgovorna oseba izvajalca
C64: VODJA GRADNJE
C65: vodja gradnje
C66: strokovna izobrazba
C67: identifikacijska številka
C68: VODJA DEL
C69: vodja del pri gradnji
B70: B | C70: PODATKI O PROJEKTNI DOKUMENTACIJI
C71: podatki se vpišejo kadar dokumentacijo izdela projektant
B72: B1 | C72: PROJEKTNA DOKUMENTACIJA
C73: vrsta projektne dokumentacije
C74: številka projekta
C75: datum izdelave
B76: C | C76: PODATKI O GRADNJI
B77: C1 | C77: OSNOVNI PODATKI
B78: C1.1 | C78: OPIS GRADNJE
C79: naziv gradnje
C80: naziv gradnje se določi po namenu glavnega objekta
B81: C3 | C81: POSEBNI PRIMERI
B82: C3.9 | C82: PODATKI O IZDANEM KULTUROVARSTVENEM MNENJU
C83: navedba organa
C84: številka dovoljenja
C85: datum dovoljenja
B86: F | C86: UPRAVNI POSTOPKI
B87: F1 | C87: GRADBENO DOVOLJENJE
B88: F1.2 | C88: PODATKI O IZDANEM GRADBENEM DOVOLJENJU
C89: Navedejo se vsa pridobljena gradbena dovoljenja. Izpolni se za spremembo GD, prijavo pričetka del in pripravljalnih del ter za pridobivanje uporabnega dovoljenja.
C90: navedba organa
C91: številka dovoljenja
C92: datum dovoljenja
C93: dokončnost
C94: pravnomočnost
B95: F1.3 | C95: PODATKI O SPREMEMBI GRADBENEGA DOVOLJENJA
C96: Navedejo se vsa pridobljena gradbena dovoljenja. Izpolni se za spremembo GD, prijavo pričetka del in pripravljalnih del ter za pridobivanje uporabnega dovoljenja.
C97: navedba organa
C98: številka dovoljenja
C99: datum dovoljenja
C100: dokončnost
C101: pravnomočnost
B102: F3 | C102: UPORABNO DOVOLJENJE
B103: F3.2 | C103: DOKAZILO O ZANESLJIVOSTI OBJEKTA
C104: navedejo se vse vsa dokazila o zanesljivosti objekta
C105: številka dokazila o zanesljivosti objekta
C106: datum izdelave
C107: izdelovalec dokazila

Sheet 5A DZO VM
A1: PRILOGA 5A
A2: VODILNA MAPA DOKAZILA O ZANESLJIVOSTI
A3: STRAN 1: PODATKI O OBJEKTU IN DOKAZILU O ZANESLJIVOSTI
A5: ='VNOS PODATKOV'!C103
A6: ='VNOS PODATKOV'!C105 | C6: ='VNOS PODATKOV'!D105
A7: ='VNOS PODATKOV'!C106 | C7: ='VNOS PODATKOV'!D106
A9: ='VNOS PODATKOV'!C76
A10: ='VNOS PODATKOV'!C79 | C10: ='VNOS PODATKOV'!D79
A12: OSNOVNI PODATKI O OBJEKTIH
A13: imenovanje objekta
A14: vrsta gradnje
A15: zahtevnost objekta
A16: klasifikacija po CC-SI
A17: po potrebi dodati rubrike
A19: ='VNOS PODATKOV'!C31
A20: ='VNOS PODATKOV'!C32 | C20: ='VNOS PODATKOV'!D32
A21: ='VNOS PODATKOV'!C33 | C21: ='VNOS PODATKOV'!D33
A22: STRAN 2: PODATKI O UDELEŽENCIH PRI GRADITVI
A24: ='VNOS PODATKOV'!C15
A25: ='VNOS PODATKOV'!C16
A26: ='VNOS PODATKOV'!C17 | C26: ='VNOS PODATKOV'!D17
A27: ='VNOS PODATKOV'!C18 | C27: ='VNOS PODATKOV'!D18
A28: ='VNOS PODATKOV'!C19
A29: ='VNOS PODATKOV'!C20 | C29: ='VNOS PODATKOV'!D20
A30: ='VNOS PODATKOV'!C21 | C30: ='VNOS PODATKOV'!D21
A31: ='VNOS PODATKOV'!C22
A32: ='VNOS PODATKOV'!C23 | C32: ='VNOS PODATKOV'!D23
A33: ='VNOS PODATKOV'!C24 | C33: ='VNOS PODATKOV'!D24
A35: ='VNOS PODATKOV'!C35
A36: ='VNOS PODATKOV'!C39 | C36: ='VNOS PODATKOV'!D39
A37: ='VNOS PODATKOV'!C40 | C37: ='VNOS PODATKOV'!D40
A38: ='VNOS PODATKOV'!C42 | C38: ='VNOS PODATKOV'!D42
A39: ='VNOS PODATKOV'!C44 | C39: ='VNOS PODATKOV'!D44
A40: ='VNOS PODATKOV'!C45 | C40: ='VNOS PODATKOV'!D45
A41: ='VNOS PODATKOV'!C46 | C41: ='VNOS PODATKOV'!D46
A43: ='VNOS PODATKOV'!C47
A44: ='VNOS PODATKOV'!C48 | C44: ='VNOS PODATKOV'!D48 | D44: ='VNOS PODATKOV'!E48 | E44: ='VNOS PODATKOV'!F48 | F44: ='VNOS PODATKOV'!G48
A45: ='VNOS PODATKOV'!C49 | C45: ='VNOS PODATKOV'!D49 | D45: ='VNOS PODATKOV'!E49 | E45: ='VNOS PODATKOV'!F49 | F45: ='VNOS PODATKOV'!G49
A46: ='VNOS PODATKOV'!C50 | C46: ='VNOS PODATKOV'!D50
A47: ='VNOS PODATKOV'!C51 | C47: ='VNOS PODATKOV'!D51
A48: ='VNOS PODATKOV'!C52 | C48: ='VNOS PODATKOV'!D52
A49: ='VNOS PODATKOV'!C53 | C49: ='VNOS PODATKOV'!D53
A50: ='VNOS PODATKOV'!C54 | C50: ='VNOS PODATKOV'!D54
A51: po potrebi dodati rubrike
A53: ='VNOS PODATKOV'!C56
A54: ='VNOS PODATKOV'!C58 | C54: ='VNOS PODATKOV'!D58
A55: ='VNOS PODATKOV'!C60 | C55: ='VNOS PODATKOV'!D60
A56: ='VNOS PODATKOV'!C61 | C56: ='VNOS PODATKOV'!D61
A57: ='VNOS PODATKOV'!C63 | C57: ='VNOS PODATKOV'!D63
A58: ='VNOS PODATKOV'!C65 | C58: ='VNOS PODATKOV'!D65
A59: ='VNOS PODATKOV'!C66 | C59: ='VNOS PODATKOV'!D66
A60: ='VNOS PODATKOV'!C67 | C60: ='VNOS PODATKOV'!D67
A61: po potrebi dodati rubrike
A63: STRAN 3: IZJAVA NADZORNIKA IN VODJE NADZORA
A65: ='VNOS PODATKOV'!C35
A66: ='VNOS PODATKOV'!C39 | C66: ='VNOS PODATKOV'!D39
A67: ='VNOS PODATKOV'!C40 | C67: ='VNOS PODATKOV'!D40
A68: ='VNOS PODATKOV'!C42 | C68: ='VNOS PODATKOV'!D42
A69: ='VNOS PODATKOV'!C44 | C69: =IF('VNOS PODATKOV'!D44="","",(CONCATENATE('VNOS PODATKOV'!D44,", ",'VNOS PODATKOV'!D45)))
C71: IZJAVLJAVA:
C73: - da je gradnja objekta končana in da je izvedena minimalna komunalna oskrba objekta; - da je predloženo dokazilo o zanesljivosti objekta izdelano v skladu s predpisi; - da so predložena vsa posamezna dokazila izvajalcev, ki vključno z dokazili iz vodilne mape dokazujejo, da objekt glede na namen, vrsto, velikost, zmogljivost, predvidene vplive in druge značilnosti v celoti izpolnjuje bistvene in druge zahteve, in - da je objekt skladen z izdanim gradbenim dovoljenjem oziroma dopustnimi manjšimi odstopanji:
A75: ='VNOS PODATKOV'!C91 | C75: ='VNOS PODATKOV'!D91
A76: z dne | C76: ='VNOS PODATKOV'!D92
C78: in spremembo gradbenega dovoljenja:
A80: ='VNOS PODATKOV'!C98 | C80: ='VNOS PODATKOV'!D98
A81: z dne | C81: ='VNOS PODATKOV'!D99
B83: FALSE | C83: Objekt je varovan na podlagi predpisov s področja varstva kulturne dediščine. Izvedene rešitve ne dosegajo v celoti predpisanih bistvenih in drugih zahtev, kar izhaja iz mnenja oziroma pogojev pristojnega mnenjedajalca za področje kulturne dediščine:
A85: številka mnenja | C85: ='VNOS PODATKOV'!D84
A86: z dne | C86: ='VNOS PODATKOV'!D85
C88: Z odstopanji niso neposredno ogroženi varnost objekta, življenje in zdravje ljudi, sosednje nepremičnine ali okolje.
A90: ='VNOS PODATKOV'!C42 | C90: ='VNOS PODATKOV'!D42
A91: podpis odgovorne osebe nadzornika
A92: ='VNOS PODATKOV'!C44 | C92: ='VNOS PODATKOV'!D44
A93: ='VNOS PODATKOV'!C46 | C93: ='VNOS PODATKOV'!D46
A94: podpis vodje nadzora
A95: PODPISI POOBLAŠČENIH STROKOVNJAKOV POSAMEZNIH STROK ZA NADZOR, ČE SO IMENOVANI
A96: stroka | C96: =C44
A97: pooblaščeni strokovnjak posamezne stroke (če je imenovan) | C97: =C48
A98: identifikacijska številka | C98: =C50
A99: podpis pooblaščenega strokovnjaka posamezne stroke
A100: po potrebi dodati rubrike
A101: STRAN 4: TABELARIČNO KAZALO VODILNE MAPE
A102: po potrebi izpustiti ali dodati vrstice
A104: A. | B104: PODATKI O PROJEKTNI DOKUMENTACIJI
B105: tabelarični seznam projektne dokumentacije DGD, PZI, PID z oštevilčenjem
A106: zap. št. | B106: sestavni del projekta (vodilni načrt, načrt ...) | C106: faza projekta (DGD, PZI, PID) | D106: št. projekta | E106: datum | F106: projektant (naziv družbe)
A107: 1
A108: 2
A109: 3
A110: 4
A111: 5
A113: B. | B113: PODATKI O GRADBENIH DOVOLJENJIH, PROJEKTNIH POGOJIH IN K DGD PRIDOBLJENIH MNENJIH
B114: tabelarični seznam projektnih pogojev, mnenj in gradbenih dovoljenj z oštevilčenjem, kot si sledijo v prilogah
A115: zap. št. | B115: odločba, mnenje, projektni pogoji | C115: organ izdaje odločbe oziroma mnenja | D115: datum | E115: pogoji glede gradnje | F115: izpolnjevanje pogojev
A116: 1
A117: 2
A118: 3
A119: 4
A120: 5
A122: C. | B122: PODATKI O POGODBAH, SKLENJENIH MED INVESTITORJEM IN IZVAJALCI TER NADZORNIKOM
...

Sheet 5B DZO
A1: PRILOGA 5B
A2: DOKAZILO IZVAJALCA
A3: STRAN 1: IZJAVA IZVAJALCA IN VODJE GRADNJE
A4: IZVAJALEC IN VODJA GRADNJE
A5: ='VNOS PODATKOV'!C60 | D5: ='VNOS PODATKOV'!D60:E60
A6: ='VNOS PODATKOV'!C61 | D6: ='VNOS PODATKOV'!D61:E61
A7: ='VNOS PODATKOV'!C63 | D7: ='VNOS PODATKOV'!D63
A8: ='VNOS PODATKOV'!C65 | D8: ='VNOS PODATKOV'!D65:E65
A11: s predloženim dokazilom št. | D11: ='VNOS PODATKOV'!D105
A12: datum izdelave | D12: ='VNOS PODATKOV'!D106
D14: IZJAVLJAVA:
D16: - da so dela v okviru prevzete storitve dokončana; - da je predloženo dokazilo v okviru prevzete storitve izdelano v celoti; - da vgrajeni gradbeni proizvodi, naprave in materiali izpolnjujejo predpise; - da so bili pri gradnji upoštevani ukrepi, s katerimi bodo preprečeni oziroma na najmanjšo mero omejeni negativni vplivi, ki jih utegne povzročiti objekt oziroma njegova uporaba; - da predloženo dokazilo dokazuje, da objekt glede na namen, vrsto, velikost, zmogljivost, predvidene vplive in druge značilnosti, v okviru prevzete storitve izpolnjuje bistvene in druge zahteve in - da so dela izvedena v skladu s projektno dokumentacijo za izvedbo gradnje:
A18: ='VNOS PODATKOV'!C74 | D18: ='VNOS PODATKOV'!D74
A19: ='VNOS PODATKOV'!C75 | D19: ='VNOS PODATKOV'!D75
A20: ='VNOS PODATKOV'!C28 | D20: ='VNOS PODATKOV'!D28
A23: ='VNOS PODATKOV'!C63 | D23: ='VNOS PODATKOV'!D63
A24: podpis odgovorne osebe izvajalca
A25: ='VNOS PODATKOV'!C65 | D25: =IF('VNOS PODATKOV'!D65="","",(CONCATENATE('VNOS PODATKOV'!D65,", ",'VNOS PODATKOV'!D66)))
A26: ='VNOS PODATKOV'!C67 | D26: ='VNOS PODATKOV'!D67
A27: podpis vodje gradnje
A30: STRAN 2: OSTALI UDELEŽENI POSAMZNIKI IZVAJALCA PRI VODENJU GRADNJE, ČE SO BILI DOLOČENI
A32: ime in priimek, identifikacijska številka
A33: obseg vodenja gradnje
A34: po potrebi dodati rubrike
A36: STRAN 2: TABELARIČNO KAZALO DOKAZIL
A37: po potrebi izpustiti ali dodati vrstice
B39: PODATKI O POGODBAH, SKLENJENIH MED INVESTITORJEM IN IZVAJALCEM
B40: tabelarični seznam sklenjenih pogodb z oštevilčenjem, kot si sledijo v mapi s prilogami
A41: zap. št. | B41: pogodba | D41: vrsta del | G41: datum
A42: 1
A43: 2
A44: 3
A45: 4
A46: 5
A48: I. | B48: GRADBENA DELA
B49: tabelarični seznam posameznih dokazil glede gradnje stanovanjskih in nestanovanjskih stavb, gradnje inženirskih objektov cest in železnic z mostovi, predori, objektov oskrbne infrastrukture za tekočine, pline, elektriko, telekomunikacije, drugih inženirskih objektov z vodnimi objekti in drugimi objekti nizke gradnje, z oštevilčenjem, kot si sledijo v prilogah
A50: zap. št. | B50: ime dokazila oz. na kaj se dokazilo nanaša | D50: izdajatelj | F50: št. dokazila | G50: datum
A51: 1
A52: 2
A53: 3
A54: 4
A55: 5
A57: II. | B57: PRIPRAVLJALNA DELA NA GRADBIŠČU
B58: tabelarični seznam posameznih dokazil glede odstranitve objektov, zemeljskih pripravljalnih del, testnih vrtanj in sondiranj z oštevilčenjem, kot si sledijo v prilogah
A59: zap. št. | B59: ime dokazila oz. na kaj se dokazilo nanaša | D59: izdajatelj | F59: št. dokazila | G59: datum
A60: 1
A61: 2
A62: 3
A63: 4
A64: 5
A66: III. | B66: INŠTALACIJE
B67: tabelarični seznam posameznih dokazil glede inštalacij električnih napeljav in naprav, vodovodnih, plinskih in ogrevalnih napeljav in naprav ter drugih inštalacij pri gradnji z oštevilčenjem, kot si sledijo v prilogah
A68: zap. št. | B68: ime dokazila oz. na kaj se dokazilo nanaša | D68: izdajatelj | F68: št. dokazila | G68: datum
A69: 1
A70: 2
A71: 3
A72: 4
A73: 5
A75: IV. | B75: ZAKLJUČNA GRADBENA DELA
B76: tabelarični seznam posameznih dokazil glede fasaderskih in štukaterskih del, vgrajevanja stavbnega pohištva, oblaganja tal in sten, steklarskih in pleskarskih del in drugih zaključnih gradbenih del, z oštevilčenjem, kot si sledijo v prilogah
A77: zap. št. | B77: ime dokazila oz. na kaj se dokazilo nanaša | D77: izdajatelj | F77: št. dokazila | G77: datum
A78: 1
A79: 2
A80: 3
A81: 4
A82: 5
A84: V. | B84: KROVSTVO IN DRUGA SPECIALIZIRANA GRADBENA DELA
B85: tabelarični seznam posameznih dokazil glede postavljanja ostrešij in krovskih del ter drugih specializiranih gradbenih del z oštevilčenjem, kot si sledijo v prilogah
A86: zap. št. | B86: ime dokazila oz. na kaj se dokazilo nanaša | D86: izdajatelj | F86: št. dokazila | G86: datum
A87: 1
A88: 2
A89: 3
A90: 4
A91: 5
A93: VI. | B93: IZKAZI, POROČILA, ZAPISNIKI PO PODROČNIH PREDPISIH
B94: tabelarični seznam posameznih dokazil, kot so zapisnik o zakoličbi, izkaz požarne varnosti stavbe, izkaz energijskih lastnosti stavbe, izkaz zaščite pred hrupom v stavbah, poročilo o nastalih gradbenih odpadkih in o ravnanju z njimi, zapisnik o strokovno tehničnem pregledu žičnic, zapisnik o pregledu, preskusu in meritvah vgrajenih električnih inštalacij oz. vgrajenega sistema zaščite pred strelo, poročilo in potrdilo o tehničnem preizkusu zaklonišča z oštevilčenjem, kot si sledijo v prilogah
A95: zap. št. | B95: ime dokazila oz. na kaj se dokazilo nanaša | D95: izdajatelj | F95: št. dokazila | G95: datum
A96: 1
A97: 2
A98: 3
A99: 4
A100: 5
A102: VII. | B102: NAVODILA ZA OBRATOVANJE IN VZDRŽEVANJE OBJEKTA
B103: tabelarični seznam posameznih slikovnih gradiv, tehničnih prikazov in besedil v obliki jamstev, potrdil, seznamov, shem in podobnih sestavin, ki določajo pravila za obratovanje, vgrajenih inštalacij, naprav in opreme ter obvezne (minimalne) časovne razmike in pogoje rednih pregledov ter roke in obseg občasnih pregledov, obseg vzdrževalnih del, s katerimi se zagotavlja, da bo objekt v času uporabe izpolnjeval bistvene zahteve, ki so predmet vgradnje v okviru prevzete storitve (brez prilog)
A104: zap. št. | B104: ime navodila oz. na kaj se navodilo nanaša | D104: izdajatelj | E104: časovni razmiki rednih in občasnih pregledov ter obseg vzdrževalnih del
A105: 1
A106: 2
A107: 3
A108: 4
A109: 5
